{"MSE": 0.7798358727229716, "R2": 0.2208469829008184}