{"MSE": 0.7795082906832087, "R2": 0.2211742780965852}