{"MSE": 0.7804428163560169, "R2": 0.2202405707320052}